{
  "version": 1,
  "author": "Anonymous maker",
  "editor": "wokwi",
  "parts": [
    { "type": "wokwi-arduino-uno", "id": "uno", "top": 132.8, "left": 39.42, "attrs": {} },
    { "type": "wokwi-lcd1602", "id": "lcd1", "top": -111.02, "left": 57.75, "attrs": {} },
    { "type": "wokwi-potentiometer", "id": "pot1", "top": -98.11, "left": -95.57, "attrs": {} },
    {
      "type": "wokwi-resistor",
      "id": "r1",
      "top": 51.03,
      "left": 268.63,
      "attrs": { "value": "1000" }
    },
    { "type": "wokwi-hc-sr04", "id": "ultrasonic1", "top": -85.79, "left": 434.15, "attrs": {} },
    {
      "type": "wokwi-pushbutton",
      "id": "btn1",
      "top": 210.44,
      "left": 352.42,
      "attrs": { "color": "green" }
    },
    { "type": "wokwi-slide-switch", "id": "sw1", "top": 210.54, "left": 455.57, "attrs": {} },
    { "type": "wokwi-ks2e-m-dc5", "id": "relay1", "top": 145.84, "left": 588.95, "attrs": {} },
    {
      "type": "wokwi-led",
      "id": "led1",
      "top": 9.31,
      "left": 687.75,
      "attrs": { "color": "red" }
    },
    {
      "type": "wokwi-resistor",
      "id": "r2",
      "top": 93.02,
      "left": 722.49,
      "attrs": { "value": "1000" }
    }
  ],
  "connections": [
    [ "lcd1:VSS", "uno:GND.1", "green", [ "v91.4", "h62.42", "v-0.94" ] ],
    [ "uno:5V", "lcd1:VDD", "red", [ "v40.18", "h-218.69", "v-301.11", "h28.59" ] ],
    [ "pot1:GND", "lcd1:VSS", "black", [ "v77.73", "h2.51" ] ],
    [ "pot1:SIG", "lcd1:V0", "green", [ "v99.65", "h-0.82" ] ],
    [ "pot1:VCC", "lcd1:VDD", "red", [ "v62.48", "h-2.24" ] ],
    [ "lcd1:RS", "uno:2", "green", [ "v75.81", "h153.11" ] ],
    [ "lcd1:RW", "lcd1:VSS", "white", [ "v31.98", "h-37.94" ] ],
    [ "lcd1:E", "uno:3", "green", [ "v58.66", "h8.78" ] ],
    [ "lcd1:D4", "uno:4", "orange", [ "v87.25", "h70.37" ] ],
    [ "lcd1:D5", "uno:5", "gold", [ "v47.23", "h37.04" ] ],
    [ "lcd1:D6", "uno:6", "blue", [ "v39.6", "h18.01" ] ],
    [ "lcd1:D7", "uno:7", "yellow", [ "v94.87", "h6.61" ] ],
    [ "lcd1:A", "r1:1", "green", [ "v0" ] ],
    [ "r1:2", "lcd1:VDD", "limegreen", [ "v-14.28", "h-227.59" ] ],
    [ "lcd1:K", "lcd1:VSS", "black", [ "v25.31", "h-145.34" ] ],
    [ "ultrasonic1:VCC", "uno:5V", "red", [ "v355.77", "h-307.46" ] ],
    [ "ultrasonic1:TRIG", "uno:8", "magenta", [ "v113.73", "h-306.98" ] ],
    [ "ultrasonic1:ECHO", "uno:9", "gray", [ "v107.06", "h-323.65" ] ],
    [ "ultrasonic1:GND", "uno:GND.3", "black", [ "v362.44", "h-318.4" ] ],
    [ "btn1:2.l", "uno:GND.3", "green", [ "h-16.26", "v143.96", "h-117.21" ] ],
    [ "btn1:1.r", "uno:10", "black", [ "v-62.88", "h-228.1" ] ],
    [ "sw1:1", "uno:11", "yellow", [ "v21.79", "h-15.37", "v-98.15", "h-265.86" ] ],
    [ "sw1:2", "uno:GND.3", "green", [ "v131.37", "h-253.57" ] ],
    [ "relay1:COIL1", "uno:GND.3", "green", [ "v189.75", "h-444.95" ] ],
    [ "relay1:COIL2", "uno:12", "yellow", [ "v-22.78", "h-489.74" ] ],
    [ "uno:5V", "relay1:P1", "red", [ "v25.89", "h423.56" ] ],
    [ "led1:A", "r2:1", "magenta", [ "v0" ] ],
    [ "led1:C", "relay1:COIL1", "white", [ "v144.51", "h-39.75" ] ],
    [ "r2:2", "relay1:NC1", "green", [ "v116.72", "h-165.69" ] ]
  ],
  "dependencies": {}
}